{"licenses":[{"name":"","id":0,"url":""}],"info":{"contributor":"","date_created":"","description":"","url":"","version":"","year":""},"categories":[{"id":1,"name":"pot_hole","supercategory":""}],"images":[{"id":1,"width":720,"height":720,"file_name":"img-100_jpg.rf.233751cac3399aa80b5e58a2afbb753a.jpg","license":0,"flickr_url":"","coco_url":"","date_captured":0},{"id":2,"width":720,"height":720,"file_name":"img-101_jpg.rf.f213d98946c4f8858a5bf3200c89e39c.jpg","license":0,"flickr_url":"","coco_url":"","date_captured":0},{"id":3,"width":720,"height":720,"file_name":"img-102_jpg.rf.16c56ff8f761aec963d9b57aa1b2d3fd.jpg","license":0,"flickr_url":"","coco_url":"","date_captured":0},{"id":4,"width":720,"height":720,"file_name":"img-103_jpg.rf.09abf1a8e3477718e143255af3534d29.jpg","license":0,"flickr_url":"","coco_url":"","date_captured":0},{"id":5,"width":720,"height":720,"file_name":"img-108_jpg.rf.a35e86abc558a98f252bfc10e49fd6d9.jpg","license":0,"flickr_url":"","coco_url":"","date_captured":0},{"id":6,"width":720,"height":720,"file_name":"img-109_jpg.rf.add373710d0d425bd9340c33878e7d42.jpg","license":0,"flickr_url":"","coco_url":"","date_captured":0},{"id":7,"width":720,"height":720,"file_name":"img-10_jpg.rf.eaceaaa6f119cf6eb49edc1bc92efaa2.jpg","license":0,"flickr_url":"","coco_url":"","date_captured":0},{"id":8,"width":720,"height":720,"file_name":"img-110_jpg.rf.0390f81a2c5b2ad5676a8eb5b043d743.jpg","license":0,"flickr_url":"","coco_url":"","date_captured":0},{"id":9,"width":720,"height":720,"file_name":"img-111_jpg.rf.d7e58630e249c45d8c1d564d847dc236.jpg","license":0,"flickr_url":"","coco_url":"","date_captured":0},{"id":10,"width":720,"height":720,"file_name":"img-113_jpg.rf.31b41591a5e0c7b0aa02e133e79e1e2a.jpg","license":0,"flickr_url":"","coco_url":"","date_captured":0},{"id":11,"width":720,"height":720,"file_name":"img-114_jpg.rf.b58901654a45a559a41ffaa25f1bf741.jpg","license":0,"flickr_url":"","coco_url":"","date_captured":0},{"id":12,"width":720,"height":720,"file_name":"img-115_jpg.rf.ebc1ec2d7bb5caf80d06511d74f9e2da.jpg","license":0,"flickr_url":"","coco_url":"","date_captured":0},{"id":13,"width":720,"height":720,"file_name":"img-117_jpg.rf.56a7e3b29e60b28e25b3f4a3c7817605.jpg","license":0,"flickr_url":"","coco_url":"","date_captured":0},{"id":14,"width":720,"height":720,"file_name":"img-119_jpg.rf.5df904c99a0e765190d9421a4bf04bc6.jpg","license":0,"flickr_url":"","coco_url":"","date_captured":0},{"id":15,"width":720,"height":720,"file_name":"img-11_jpg.rf.b7a2e18571a53d7512f101f224b7c794.jpg","license":0,"flickr_url":"","coco_url":"","date_captured":0},{"id":16,"width":720,"height":720,"file_name":"img-121_jpg.rf.d202af2960b0bb1928539a6fcb3cdbfd.jpg","license":0,"flickr_url":"","coco_url":"","date_captured":0},{"id":17,"width":720,"height":720,"file_name":"img-123_jpg.rf.8ae4c2726246a3dea5d41f6ba3a64639.jpg","license":0,"flickr_url":"","coco_url":"","date_captured":0},{"id":18,"width":720,"height":720,"file_name":"img-124_jpg.rf.fdc89fc9a29a16b57ad54dd3c63e7952.jpg","license":0,"flickr_url":"","coco_url":"","date_captured":0},{"id":19,"width":720,"height":720,"file_name":"img-126_jpg.rf.eab9b684c8570533e5cd43517776eeec.jpg","license":0,"flickr_url":"","coco_url":"","date_captured":0},{"id":20,"width":720,"height":720,"file_name":"img-127_jpg.rf.cda9134fdf2c217082118b38d27fd7ee.jpg","license":0,"flickr_url":"","coco_url":"","date_captured":0}],"annotations":[{"id":1,"image_id":1,"category_id":1,"segmentation":[],"area":41412.0568,"bbox":[181.3,245.25,249.23,166.16],"iscrowd":0,"attributes":{"occluded":false,"rotation":0.0}},{"id":2,"image_id":2,"category_id":1,"segmentation":[],"area":122698.71580000002,"bbox":[223.49,226.79,474.73,258.46],"iscrowd":0,"attributes":{"occluded":false,"rotation":0.0}},{"id":3,"image_id":2,"category_id":1,"segmentation":[],"area":8027.294999999997,"bbox":[12.76,592.03,94.55,84.9],"iscrowd":0,"attributes":{"occluded":false,"rotation":0.0}},{"id":4,"image_id":3,"category_id":1,"segmentation":[],"area":130441.34100000004,"bbox":[245.91,228.11,300.66,433.85],"iscrowd":0,"attributes":{"occluded":false,"rotation":0.0}},{"id":5,"image_id":4,"category_id":1,"segmentation":[],"area":32797.3455,"bbox":[276.24,246.57,216.27,151.65],"iscrowd":0,"attributes":{"occluded":false,"rotation":0.0}},{"id":6,"image_id":5,"category_id":1,"segmentation":[],"area":30457.395199999995,"bbox":[265.69,189.87,199.12,152.96],"iscrowd":0,"attributes":{"occluded":false,"rotation":0.0}},{"id":7,"image_id":5,"category_id":1,"segmentation":[],"area":3083.7733000000003,"bbox":[516.39,179.09,69.47,44.39],"iscrowd":0,"attributes":{"occluded":false,"rotation":0.0}},{"id":8,"image_id":5,"category_id":1,"segmentation":[],"area":16726.8475,"bbox":[272.09,572.66,127.93,130.75],"iscrowd":0,"attributes":{"occluded":false,"rotation":0.0}},{"id":9,"image_id":6,"category_id":1,"segmentation":[],"area":52649.743800000004,"bbox":[285.47,253.16,180.66,291.43],"iscrowd":0,"attributes":{"occluded":false,"rotation":0.0}},{"id":10,"image_id":6,"category_id":1,"segmentation":[],"area":51727.011699999995,"bbox":[1.91,416.77,265.09,195.13],"iscrowd":0,"attributes":{"occluded":false,"rotation":0.0}},{"id":11,"image_id":7,"category_id":1,"segmentation":[],"area":23736.197799999998,"bbox":[285.43,214.88,171.43,138.46],"iscrowd":0,"attributes":{"occluded":false,"rotation":0.0}},{"id":12,"image_id":8,"category_id":1,"segmentation":[],"area":13580.364,"bbox":[87.0,170.3,89.11,152.4],"iscrowd":0,"attributes":{"occluded":false,"rotation":0.0}},{"id":13,"image_id":8,"category_id":1,"segmentation":[],"area":55786.89700000001,"bbox":[211.64,290.08,472.37,118.1],"iscrowd":0,"attributes":{"occluded":false,"rotation":0.0}},{"id":14,"image_id":9,"category_id":1,"segmentation":[],"area":4806.1974,"bbox":[340.98,263.37,89.97,53.42],"iscrowd":0,"attributes":{"occluded":false,"rotation":0.0}},{"id":15,"image_id":9,"category_id":1,"segmentation":[],"area":15316.626800000002,"bbox":[187.74,60.93,175.73,87.16],"iscrowd":0,"attributes":{"occluded":false,"rotation":0.0}},{"id":16,"image_id":9,"category_id":1,"segmentation":[],"area":26272.26799999999,"bbox":[251.0,335.1,153.2,171.49],"iscrowd":0,"attributes":{"occluded":false,"rotation":0.0}},{"id":17,"image_id":10,"category_id":1,"segmentation":[],"area":140877.8884,"bbox":[79.48,129.81,486.44,289.61],"iscrowd":0,"attributes":{"occluded":false,"rotation":0.0}},{"id":18,"image_id":11,"category_id":1,"segmentation":[],"area":13875.968000000004,"bbox":[0.0,284.46,80.9,171.52],"iscrowd":0,"attributes":{"occluded":false,"rotation":0.0}},{"id":19,"image_id":11,"category_id":1,"segmentation":[],"area":14914.684999999998,"bbox":[273.49,273.21,137.78,108.25],"iscrowd":0,"attributes":{"occluded":false,"rotation":0.0}},{"id":20,"image_id":11,"category_id":1,"segmentation":[],"area":11301.300399999998,"bbox":[648.86,329.45,71.14,158.86],"iscrowd":0,"attributes":{"occluded":false,"rotation":0.0}},{"id":21,"image_id":12,"category_id":1,"segmentation":[],"area":23110.3349,"bbox":[246.78,283.05,208.07,111.07],"iscrowd":0,"attributes":{"occluded":false,"rotation":0.0}},{"id":22,"image_id":13,"category_id":1,"segmentation":[],"area":6310.819799999998,"bbox":[253.81,52.49,144.81,43.58],"iscrowd":0,"attributes":{"occluded":false,"rotation":0.0}},{"id":23,"image_id":13,"category_id":1,"segmentation":[],"area":46010.48130000001,"bbox":[291.77,242.28,144.81,317.73],"iscrowd":0,"attributes":{"occluded":false,"rotation":0.0}},{"id":24,"image_id":14,"category_id":1,"segmentation":[],"area":7472.046399999993,"bbox":[620.74,330.85,98.42,75.92],"iscrowd":0,"attributes":{"occluded":false,"rotation":0.0}},{"id":25,"image_id":14,"category_id":1,"segmentation":[],"area":20333.920599999998,"bbox":[146.97,583.9,178.54,113.89],"iscrowd":0,"attributes":{"occluded":false,"rotation":0.0}},{"id":26,"image_id":14,"category_id":1,"segmentation":[],"area":38426.486000000004,"bbox":[184.9,228.23,227.78,168.7],"iscrowd":0,"attributes":{"occluded":false,"rotation":0.0}},{"id":27,"image_id":14,"category_id":1,"segmentation":[],"area":12965.665800000012,"bbox":[601.06,571.26,87.17,148.74],"iscrowd":0,"attributes":{"occluded":false,"rotation":0.0}},{"id":28,"image_id":15,"category_id":1,"segmentation":[],"area":73251.45899999999,"bbox":[229.91,221.2,244.62,299.45],"iscrowd":0,"attributes":{"occluded":false,"rotation":0.0}},{"id":29,"image_id":16,"category_id":1,"segmentation":[],"area":71990.77450000003,"bbox":[284.74,361.78,299.45,240.41],"iscrowd":0,"attributes":{"occluded":false,"rotation":0.0}},{"id":30,"image_id":16,"category_id":1,"segmentation":[],"area":38033.19380000001,"bbox":[161.02,174.8,223.58,170.11],"iscrowd":0,"attributes":{"occluded":false,"rotation":0.0}},{"id":31,"image_id":17,"category_id":1,"segmentation":[],"area":40914.732500000006,"bbox":[446.42,267.59,229.15,178.55],"iscrowd":0,"attributes":{"occluded":false,"rotation":0.0}},{"id":32,"image_id":18,"category_id":1,"segmentation":[],"area":3656.6545,"bbox":[166.65,34.21,104.03,35.15],"iscrowd":0,"attributes":{"occluded":false,"rotation":0.0}},{"id":33,"image_id":18,"category_id":1,"segmentation":[],"area":6552.184999999998,"bbox":[51.37,193.08,119.5,54.83],"iscrowd":0,"attributes":{"occluded":false,"rotation":0.0}},{"id":34,"image_id":18,"category_id":1,"segmentation":[],"area":58566.93399999999,"bbox":[232.72,243.69,285.4,205.21],"iscrowd":0,"attributes":{"occluded":false,"rotation":0.0}},{"id":35,"image_id":18,"category_id":1,"segmentation":[],"area":9973.15740000001,"bbox":[532.17,21.56,81.54,122.31],"iscrowd":0,"attributes":{"occluded":false,"rotation":0.0}},{"id":36,"image_id":19,"category_id":1,"segmentation":[],"area":5998.227,"bbox":[487.19,145.3,92.78,64.65],"iscrowd":0,"attributes":{"occluded":false,"rotation":0.0}},{"id":37,"image_id":19,"category_id":1,"segmentation":[],"area":6958.641200000001,"bbox":[190.48,166.09,97.72,71.21],"iscrowd":0,"attributes":{"occluded":false,"rotation":0.0}},{"id":38,"image_id":19,"category_id":1,"segmentation":[],"area":27199.680000000004,"bbox":[253.8,292.9,195.4,139.2],"iscrowd":0,"attributes":{"occluded":false,"rotation":0.0}},{"id":39,"image_id":20,"category_id":1,"segmentation":[],"area":76391.99999999997,"bbox":[226.1,308.6,360.0,212.2],"iscrowd":0,"attributes":{"occluded":false,"rotation":0.0}}]}